customer_id,risk_score,risk_segment
CUST1597,94.76,High
CUST1847,93.95,High
CUST2934,93.42,High
CUST2890,92.96,High
CUST2125,91.56,High
CUST2862,91.16,High
CUST2799,90.64,High
CUST1179,90.36,High
CUST1045,89.87,High
CUST2680,89.7,High
CUST2408,89.38,High
CUST1577,89.07,High
CUST2923,88.55,High
CUST2459,87.6,High
CUST1870,87.53,High
CUST1236,86.52,High
CUST2772,86.31,High
CUST1329,86.08,High
CUST2744,85.94,High
CUST1346,85.9,High
CUST2113,85.62,High
CUST2032,85.43,High
CUST2346,85.32,High
CUST1462,85.25,High
CUST1639,85.23,High
CUST2518,85.03,High
CUST2969,84.89,High
CUST2232,84.84,High
CUST1519,84.53,High
CUST1082,84.49,High
CUST2863,84.45,High
CUST2849,84.42,High
CUST1697,83.63,High
CUST1959,83.3,High
CUST1410,83.25,High
CUST2117,83.17,High
CUST2024,82.87,High
CUST2726,82.76,High
CUST1099,82.55,High
CUST2466,82.53,High
CUST1486,82.52,High
CUST1274,82.45,High
CUST2820,82.42,High
CUST2316,82.21,High
CUST2580,81.94,High
CUST2993,81.92,High
CUST1341,81.75,High
CUST1977,81.62,High
CUST1566,81.18,High
CUST2371,80.96,High
CUST2935,80.81,High
CUST1746,80.6,High
CUST2516,80.49,High
CUST1498,80.38,High
CUST2543,80.16,High
CUST1773,79.86,High
CUST1523,79.77,High
CUST2879,79.75,High
CUST1759,79.74,High
CUST1238,79.61,High
CUST2598,79.55,High
CUST1096,79.54,High
CUST2902,79.51,High
CUST1582,79.45,High
CUST1742,79.42,High
CUST2305,79.37,High
CUST2817,79.27,High
CUST1506,79.23,High
CUST2842,79.04,High
CUST2391,78.89,High
CUST2168,78.8,High
CUST1781,78.66,High
CUST2319,78.65,High
CUST1160,78.47,High
CUST2824,78.45,High
CUST2273,78.34,High
CUST1362,78.27,High
CUST1387,78.27,High
CUST1758,78.02,High
CUST1482,77.98,High
CUST1403,77.46,High
CUST2808,77.33,High
CUST1345,77.1,High
CUST2818,77.08,High
CUST2745,77.04,High
CUST2609,76.9,High
CUST1679,76.85,High
CUST2845,76.85,High
CUST1806,76.82,High
CUST2569,76.78,High
CUST2875,76.75,High
CUST2688,76.74,High
CUST2089,76.71,High
CUST2198,76.4,High
CUST1158,76.21,High
CUST1389,76.14,High
CUST2321,75.95,High
CUST2409,75.91,High
CUST2474,75.77,High
CUST2086,75.74,High
CUST2854,75.47,High
CUST2789,75.43,High
CUST1587,75.39,High
CUST1136,75.35,High
CUST2965,75.21,High
CUST1990,75.19,High
CUST2937,75.05,High
CUST2422,75.01,High
CUST1549,74.98,High
CUST1859,74.96,High
CUST1712,74.94,High
CUST2259,74.87,High
CUST2441,74.57,High
CUST1546,74.57,High
CUST1097,74.54,High
CUST1727,74.47,High
CUST1745,74.38,High
CUST1718,74.32,High
CUST2211,74.31,High
CUST2265,74.3,High
CUST1294,74.25,High
CUST1653,74.14,High
CUST1243,74.11,High
CUST2304,74.05,High
CUST2547,73.76,High
CUST2366,73.76,High
CUST1001,73.73,High
CUST2162,73.7,High
CUST1063,73.63,High
CUST2392,73.58,High
CUST2335,73.58,High
CUST2066,73.5,High
CUST2173,73.47,High
CUST1072,73.44,High
CUST1813,73.44,High
CUST2604,73.36,High
CUST2749,72.93,High
CUST2499,72.92,High
CUST2286,72.88,High
CUST2456,72.87,High
CUST1133,72.87,High
CUST2572,72.81,High
CUST2557,72.71,High
CUST1988,72.62,High
CUST1327,72.45,High
CUST2241,72.42,High
CUST2195,72.37,High
CUST2974,72.32,High
CUST2165,72.22,High
CUST1983,72.21,High
CUST1293,72.14,High
CUST2405,72.0,High
CUST1994,71.94,High
CUST1948,71.88,High
CUST1253,71.86,High
CUST2869,71.86,High
CUST2521,71.85,High
CUST2802,71.81,High
CUST1193,71.78,High
CUST2006,71.73,High
CUST1840,71.66,High
CUST2404,71.65,High
CUST2751,71.61,High
CUST2661,71.51,High
CUST1090,71.45,High
CUST2009,71.33,High
CUST2652,71.25,High
CUST2494,71.19,High
CUST1556,71.17,High
CUST1573,71.11,High
CUST2997,71.0,High
CUST1774,70.99,High
CUST2562,70.96,High
CUST2741,70.95,High
CUST1441,70.83,High
CUST1317,70.83,High
CUST2895,70.77,High
CUST1534,70.76,High
CUST2649,70.7,High
CUST1777,70.49,High
CUST1275,70.46,High
CUST2787,70.46,High
CUST1929,70.42,High
CUST1228,70.4,High
CUST2447,70.27,High
CUST2260,70.1,High
CUST2783,70.05,High
CUST1531,70.02,High
CUST1308,69.88,Medium
CUST2851,69.88,Medium
CUST1634,69.86,Medium
CUST2145,69.8,Medium
CUST2084,69.66,Medium
CUST2608,69.65,Medium
CUST1919,69.53,Medium
CUST2234,69.42,Medium
CUST1738,69.41,Medium
CUST2815,69.25,Medium
CUST2126,69.24,Medium
CUST1923,69.1,Medium
CUST1495,69.05,Medium
CUST1710,68.98,Medium
CUST2994,68.81,Medium
CUST2620,68.76,Medium
CUST1030,68.75,Medium
CUST2434,68.75,Medium
CUST2681,68.73,Medium
CUST1515,68.63,Medium
CUST1396,68.59,Medium
CUST1524,68.54,Medium
CUST2243,68.54,Medium
CUST2469,68.44,Medium
CUST2245,68.34,Medium
CUST2809,68.33,Medium
CUST1551,68.22,Medium
CUST1788,68.18,Medium
CUST2975,68.14,Medium
CUST1685,68.14,Medium
CUST1984,68.12,Medium
CUST2729,68.05,Medium
CUST1283,68.02,Medium
CUST2475,68.01,Medium
CUST1611,67.9,Medium
CUST1433,67.89,Medium
CUST1217,67.78,Medium
CUST1357,67.67,Medium
CUST2203,67.57,Medium
CUST2468,67.56,Medium
CUST2671,67.55,Medium
CUST1365,67.45,Medium
CUST2327,67.37,Medium
CUST2552,67.29,Medium
CUST2129,67.22,Medium
CUST1881,67.08,Medium
CUST1092,67.04,Medium
CUST1606,67.03,Medium
CUST2424,67.0,Medium
CUST2881,66.89,Medium
CUST1536,66.8,Medium
CUST2531,66.79,Medium
CUST2731,66.78,Medium
CUST1132,66.77,Medium
CUST2903,66.7,Medium
CUST2208,66.68,Medium
CUST1552,66.64,Medium
CUST1342,66.59,Medium
CUST2743,66.58,Medium
CUST1835,66.55,Medium
CUST1518,66.47,Medium
CUST2618,66.45,Medium
CUST1780,66.42,Medium
CUST2183,66.37,Medium
CUST1225,66.36,Medium
CUST1138,66.2,Medium
CUST1692,66.19,Medium
CUST2010,66.18,Medium
CUST1643,66.17,Medium
CUST1987,66.09,Medium
CUST2848,66.09,Medium
CUST1667,65.95,Medium
CUST2342,65.88,Medium
CUST2786,65.84,Medium
CUST1499,65.8,Medium
CUST2461,65.75,Medium
CUST1902,65.74,Medium
CUST1619,65.71,Medium
CUST2202,65.71,Medium
CUST2292,65.63,Medium
CUST2256,65.56,Medium
CUST1465,65.37,Medium
CUST2200,65.34,Medium
CUST1570,65.27,Medium
CUST1215,65.24,Medium
CUST1115,65.22,Medium
CUST1091,65.2,Medium
CUST2100,65.12,Medium
CUST1121,65.0,Medium
CUST1974,64.93,Medium
CUST1993,64.93,Medium
CUST2857,64.78,Medium
CUST1947,64.71,Medium
CUST2838,64.69,Medium
CUST2487,64.64,Medium
CUST1161,64.56,Medium
CUST2901,64.54,Medium
CUST1559,64.49,Medium
CUST1110,64.48,Medium
CUST2784,64.29,Medium
CUST1762,64.14,Medium
CUST1202,64.13,Medium
CUST1749,64.12,Medium
CUST2558,64.1,Medium
CUST2505,63.99,Medium
CUST1459,63.89,Medium
CUST1722,63.88,Medium
CUST1081,63.84,Medium
CUST1769,63.81,Medium
CUST1938,63.8,Medium
CUST2868,63.77,Medium
CUST2814,63.75,Medium
CUST1721,63.75,Medium
CUST2110,63.73,Medium
CUST1997,63.72,Medium
CUST1393,63.71,Medium
CUST1681,63.7,Medium
CUST2094,63.51,Medium
CUST2858,63.49,Medium
CUST2384,63.37,Medium
CUST2179,63.35,Medium
CUST2737,63.34,Medium
CUST1216,63.24,Medium
CUST1869,63.23,Medium
CUST1080,63.21,Medium
CUST2492,63.12,Medium
CUST2479,63.1,Medium
CUST1885,63.07,Medium
CUST1815,63.05,Medium
CUST2090,63.01,Medium
CUST2175,63.0,Medium
CUST1865,62.97,Medium
CUST1656,62.91,Medium
CUST1670,62.84,Medium
CUST1540,62.83,Medium
CUST2666,62.74,Medium
CUST2568,62.64,Medium
CUST2169,62.57,Medium
CUST1772,62.45,Medium
CUST1485,62.42,Medium
CUST2324,62.4,Medium
CUST2917,62.39,Medium
CUST2510,62.34,Medium
CUST2836,62.32,Medium
CUST2659,62.27,Medium
CUST1496,62.25,Medium
CUST2502,62.24,Medium
CUST1755,62.15,Medium
CUST1047,62.11,Medium
CUST1610,62.06,Medium
CUST2642,62.06,Medium
CUST2627,62.06,Medium
CUST2813,62.05,Medium
CUST2513,62.05,Medium
CUST1207,61.96,Medium
CUST1625,61.82,Medium
CUST2205,61.77,Medium
CUST2995,61.76,Medium
CUST1804,61.69,Medium
CUST2918,61.66,Medium
CUST2398,61.64,Medium
CUST1024,61.64,Medium
CUST1978,61.61,Medium
CUST2189,61.58,Medium
CUST1304,61.52,Medium
CUST1058,61.5,Medium
CUST2155,61.5,Medium
CUST1051,61.46,Medium
CUST2628,61.42,Medium
CUST2299,61.38,Medium
CUST2856,61.38,Medium
CUST1621,61.36,Medium
CUST1240,61.35,Medium
CUST2537,61.35,Medium
CUST1811,61.3,Medium
CUST1857,61.3,Medium
CUST2087,61.3,Medium
CUST1831,61.3,Medium
CUST1578,61.27,Medium
CUST2800,61.24,Medium
CUST1183,61.24,Medium
CUST1347,61.15,Medium
CUST2078,61.08,Medium
CUST1926,61.07,Medium
CUST1280,61.04,Medium
CUST1733,61.01,Medium
CUST1033,60.96,Medium
CUST2250,60.8,Medium
CUST1208,60.76,Medium
CUST2221,60.75,Medium
CUST2714,60.74,Medium
CUST1369,60.74,Medium
CUST1404,60.72,Medium
CUST2172,60.69,Medium
CUST2565,60.67,Medium
CUST1564,60.64,Medium
CUST2846,60.53,Medium
CUST1140,60.52,Medium
CUST1010,60.51,Medium
CUST1467,60.46,Medium
CUST1470,60.45,Medium
CUST2140,60.39,Medium
CUST2489,60.33,Medium
CUST1151,60.26,Medium
CUST2957,60.22,Medium
CUST1706,60.22,Medium
CUST1241,60.17,Medium
CUST2753,60.09,Medium
CUST2329,59.96,Medium
CUST1245,59.95,Medium
CUST2035,59.95,Medium
CUST1226,59.94,Medium
CUST1737,59.94,Medium
CUST2001,59.92,Medium
CUST2309,59.79,Medium
CUST2302,59.77,Medium
CUST1763,59.74,Medium
CUST1682,59.73,Medium
CUST2748,59.63,Medium
CUST1210,59.57,Medium
CUST2756,59.57,Medium
CUST2350,59.57,Medium
CUST1139,59.34,Medium
CUST2045,59.32,Medium
CUST1797,59.28,Medium
CUST1658,59.28,Medium
CUST1514,59.26,Medium
CUST1890,59.23,Medium
CUST1366,59.2,Medium
CUST1875,59.15,Medium
CUST1917,59.11,Medium
CUST2333,59.11,Medium
CUST1636,59.07,Medium
CUST1085,59.07,Medium
CUST1035,59.02,Medium
CUST2811,58.96,Medium
CUST2277,58.93,Medium
CUST1169,58.88,Medium
CUST2951,58.88,Medium
CUST1608,58.83,Medium
CUST1288,58.75,Medium
CUST1661,58.73,Medium
CUST1116,58.72,Medium
CUST2122,58.58,Medium
CUST1868,58.54,Medium
CUST2805,58.52,Medium
CUST1631,58.47,Medium
CUST1998,58.4,Medium
CUST1022,58.34,Medium
CUST1448,58.34,Medium
CUST2133,58.27,Medium
CUST1233,58.14,Medium
CUST1159,58.14,Medium
CUST1330,58.11,Medium
CUST2437,58.09,Medium
CUST1473,58.06,Medium
CUST1888,57.94,Medium
CUST1071,57.9,Medium
CUST2044,57.83,Medium
CUST2941,57.76,Medium
CUST1209,57.74,Medium
CUST1612,57.65,Medium
CUST2622,57.57,Medium
CUST1196,57.49,Medium
CUST2946,57.47,Medium
CUST1260,57.44,Medium
CUST2270,57.44,Medium
CUST2224,57.43,Medium
CUST1952,57.35,Medium
CUST2579,57.33,Medium
CUST2269,57.29,Medium
CUST2476,57.19,Medium
CUST1300,57.14,Medium
CUST1976,57.06,Medium
CUST2897,57.05,Medium
CUST1716,56.99,Medium
CUST1443,56.94,Medium
CUST2022,56.89,Medium
CUST1107,56.88,Medium
CUST2832,56.78,Medium
CUST2984,56.78,Medium
CUST2589,56.77,Medium
CUST1856,56.68,Medium
CUST1580,56.67,Medium
CUST1305,56.64,Medium
CUST2465,56.59,Medium
CUST2736,56.46,Medium
CUST1175,56.4,Medium
CUST1771,56.31,Medium
CUST2892,56.24,Medium
CUST1114,56.22,Medium
CUST2426,56.21,Medium
CUST2095,56.2,Medium
CUST1484,56.18,Medium
CUST1394,56.02,Medium
CUST1457,56.0,Medium
CUST2115,55.98,Medium
CUST1358,55.86,Medium
CUST1791,55.84,Medium
CUST2948,55.76,Medium
CUST2676,55.75,Medium
CUST1372,55.67,Medium
CUST1936,55.58,Medium
CUST2485,55.55,Medium
CUST1995,55.52,Medium
CUST2790,55.49,Medium
CUST1900,55.43,Medium
CUST1447,55.37,Medium
CUST1989,55.37,Medium
CUST2821,55.36,Medium
CUST2111,55.34,Medium
CUST2213,55.01,Medium
CUST1244,55.01,Medium
CUST2905,54.91,Medium
CUST1272,54.87,Medium
CUST2532,54.86,Medium
CUST1961,54.83,Medium
CUST2227,54.8,Medium
CUST1000,54.76,Medium
CUST2028,54.73,Medium
CUST1821,54.65,Medium
CUST1128,54.58,Medium
CUST2233,54.57,Medium
CUST2081,54.57,Medium
CUST2617,54.51,Medium
CUST2414,54.48,Medium
CUST2640,54.4,Medium
CUST1246,54.37,Medium
CUST1089,54.36,Medium
CUST2541,54.33,Medium
CUST2553,54.33,Medium
CUST2097,54.21,Medium
CUST2914,54.04,Medium
CUST1180,54.03,Medium
CUST1199,53.96,Medium
CUST1083,53.95,Medium
CUST2071,53.93,Medium
CUST2274,53.93,Medium
CUST2701,53.9,Medium
CUST2899,53.88,Medium
CUST2582,53.81,Medium
CUST2283,53.79,Medium
CUST2893,53.75,Medium
CUST1785,53.71,Medium
CUST2500,53.58,Medium
CUST1301,53.52,Medium
CUST1646,53.43,Medium
CUST1918,53.32,Medium
CUST1569,53.26,Medium
CUST1814,53.14,Medium
CUST2539,53.12,Medium
CUST1189,52.98,Medium
CUST2271,52.95,Medium
CUST2670,52.89,Medium
CUST1020,52.89,Medium
CUST2691,52.88,Medium
CUST1783,52.84,Medium
CUST1056,52.81,Medium
CUST2735,52.73,Medium
CUST1555,52.68,Medium
CUST1037,52.63,Medium
CUST2734,52.62,Medium
CUST1204,52.62,Medium
CUST1313,52.52,Medium
CUST1850,52.49,Medium
CUST2417,52.49,Medium
CUST2861,52.47,Medium
CUST1895,52.37,Medium
CUST2947,52.34,Medium
CUST2638,52.24,Medium
CUST2966,52.15,Medium
CUST2387,52.12,Medium
CUST2986,52.1,Medium
CUST2631,52.07,Medium
CUST2498,52.05,Medium
CUST1165,52.03,Medium
CUST2823,52.02,Medium
CUST1908,51.99,Medium
CUST1581,51.97,Medium
CUST1576,51.86,Medium
CUST2107,51.83,Medium
CUST2011,51.8,Medium
CUST1799,51.66,Medium
CUST1012,51.65,Medium
CUST2258,51.65,Medium
CUST2796,51.64,Medium
CUST2697,51.64,Medium
CUST1488,51.57,Medium
CUST2600,51.5,Medium
CUST1222,51.5,Medium
CUST2065,51.48,Medium
CUST1273,51.46,Medium
CUST1782,51.41,Medium
CUST1579,51.38,Medium
CUST1328,51.37,Medium
CUST1474,51.36,Medium
CUST2873,51.31,Medium
CUST2137,51.27,Medium
CUST2253,51.24,Medium
CUST1168,51.23,Medium
CUST1545,51.18,Medium
CUST2046,51.15,Medium
CUST2644,51.15,Medium
CUST1152,51.05,Medium
CUST1691,51.0,Medium
CUST1743,50.95,Medium
CUST1601,50.93,Medium
CUST1450,50.81,Medium
CUST1391,50.77,Medium
CUST1197,50.7,Medium
CUST2323,50.65,Medium
CUST1206,50.6,Medium
CUST1119,50.54,Medium
CUST2530,50.5,Medium
CUST2724,50.49,Medium
CUST1339,50.45,Medium
CUST2693,50.44,Medium
CUST1349,50.32,Medium
CUST2773,50.27,Medium
CUST2199,50.22,Medium
CUST1744,50.2,Medium
CUST2074,50.14,Medium
CUST1219,50.09,Medium
CUST2674,50.05,Medium
CUST1740,49.88,Medium
CUST2774,49.83,Medium
CUST1528,49.72,Medium
CUST1687,49.68,Medium
CUST2105,49.66,Medium
CUST1941,49.62,Medium
CUST2296,49.6,Medium
CUST2361,49.52,Medium
CUST1277,49.5,Medium
CUST1808,49.48,Medium
CUST1086,49.37,Medium
CUST2507,49.32,Medium
CUST2738,49.31,Medium
CUST1267,49.25,Medium
CUST2755,49.21,Medium
CUST1930,49.11,Medium
CUST2961,49.11,Medium
CUST2797,49.0,Medium
CUST2900,48.84,Medium
CUST1009,48.84,Medium
CUST1436,48.83,Medium
CUST2197,48.77,Medium
CUST1943,48.73,Medium
CUST2577,48.69,Medium
CUST1942,48.67,Medium
CUST2684,48.66,Medium
CUST2641,48.65,Medium
CUST1651,48.64,Medium
CUST1268,48.64,Medium
CUST1530,48.36,Medium
CUST2402,48.31,Medium
CUST2844,48.27,Medium
CUST2885,48.25,Medium
CUST2702,48.24,Medium
CUST2613,48.17,Medium
CUST1796,48.11,Medium
CUST2929,48.11,Medium
CUST1413,48.1,Medium
CUST2585,48.05,Medium
CUST2584,48.05,Medium
CUST1492,48.04,Medium
CUST2623,48.01,Medium
CUST1350,48.0,Medium
CUST1421,47.93,Medium
CUST1731,47.91,Medium
CUST2764,47.9,Medium
CUST2106,47.88,Medium
CUST2637,47.75,Medium
CUST1343,47.69,Medium
CUST2662,47.64,Medium
CUST2225,47.6,Medium
CUST1306,47.57,Medium
CUST1262,47.52,Medium
CUST2677,47.49,Medium
CUST1290,47.49,Medium
CUST2406,47.45,Medium
CUST1332,47.45,Medium
CUST2102,47.4,Medium
CUST2217,47.4,Medium
CUST2088,47.38,Medium
CUST2433,47.36,Medium
CUST1013,47.36,Medium
CUST1889,47.36,Medium
CUST2396,47.32,Medium
CUST2093,47.31,Medium
CUST2594,47.21,Medium
CUST1660,47.12,Medium
CUST1891,47.02,Medium
CUST2916,47.01,Medium
CUST2207,47.0,Medium
CUST1921,46.97,Medium
CUST2174,46.95,Medium
CUST2587,46.72,Medium
CUST2958,46.7,Medium
CUST1726,46.63,Medium
CUST1367,46.46,Medium
CUST2359,46.34,Medium
CUST1568,46.3,Medium
CUST1439,46.3,Medium
CUST2605,46.24,Medium
CUST2446,46.07,Medium
CUST2096,45.91,Medium
CUST2191,45.76,Medium
CUST1230,45.74,Medium
CUST1146,45.72,Medium
CUST2054,45.66,Medium
CUST2894,45.66,Medium
CUST1829,45.62,Medium
CUST2235,45.47,Medium
CUST2463,45.46,Medium
CUST1520,45.37,Medium
CUST1460,45.35,Medium
CUST2822,45.25,Medium
CUST2376,45.23,Medium
CUST1437,45.18,Medium
CUST1455,45.17,Medium
CUST1395,45.1,Medium
CUST1800,45.09,Medium
CUST1061,45.07,Medium
CUST2606,45.01,Medium
CUST2782,45.01,Medium
CUST2550,44.99,Medium
CUST1324,44.97,Medium
CUST1562,44.93,Medium
CUST2949,44.88,Medium
CUST2429,44.79,Medium
CUST1118,44.7,Medium
CUST1331,44.61,Medium
CUST2027,44.61,Medium
CUST1665,44.57,Medium
CUST2912,44.55,Medium
CUST2092,44.46,Medium
CUST1370,44.44,Medium
CUST2455,44.44,Medium
CUST2536,44.42,Medium
CUST1144,44.33,Medium
CUST2244,44.32,Medium
CUST2040,44.18,Medium
CUST1708,44.18,Medium
CUST2780,44.17,Medium
CUST2721,44.12,Medium
CUST2112,44.09,Medium
CUST1816,44.05,Medium
CUST2218,44.04,Medium
CUST1529,44.03,Medium
CUST1594,43.95,Medium
CUST1336,43.92,Medium
CUST2240,43.78,Medium
CUST2872,43.74,Medium
CUST1571,43.73,Medium
CUST2590,43.69,Medium
CUST2239,43.66,Medium
CUST1431,43.63,Medium
CUST1423,43.63,Medium
CUST2204,43.58,Medium
CUST1148,43.53,Medium
CUST1951,43.44,Medium
CUST2607,43.44,Medium
CUST2124,43.42,Medium
CUST2457,43.38,Medium
CUST2801,43.37,Medium
CUST2056,43.33,Medium
CUST1732,43.22,Medium
CUST1373,43.19,Medium
CUST2079,43.04,Medium
CUST1383,43.0,Medium
CUST2279,42.92,Medium
CUST2280,42.89,Medium
CUST2237,42.81,Medium
CUST2282,42.77,Medium
CUST2574,42.75,Medium
CUST1592,42.69,Medium
CUST2190,42.67,Medium
CUST1415,42.67,Medium
CUST1532,42.65,Medium
CUST2370,42.56,Medium
CUST2942,42.55,Medium
CUST2595,42.49,Medium
CUST2295,42.42,Medium
CUST2266,42.4,Medium
CUST2527,42.35,Medium
CUST2367,42.35,Medium
CUST2678,42.33,Medium
CUST1864,42.16,Medium
CUST1644,42.09,Medium
CUST2143,42.08,Medium
CUST2201,41.95,Medium
CUST2470,41.8,Medium
CUST1792,41.77,Medium
CUST1192,41.73,Medium
CUST2061,41.69,Medium
CUST1251,41.67,Medium
CUST2575,41.59,Medium
CUST2807,41.52,Medium
CUST1034,41.51,Medium
CUST2723,41.42,Medium
CUST2160,41.32,Medium
CUST2752,41.32,Medium
CUST2777,41.32,Medium
CUST2399,41.17,Medium
CUST1125,41.14,Medium
CUST1616,41.09,Medium
CUST2360,41.09,Medium
CUST1537,40.93,Medium
CUST2281,40.79,Medium
CUST1408,40.78,Medium
CUST2668,40.71,Medium
CUST2560,40.69,Medium
CUST1321,40.65,Medium
CUST2423,40.59,Medium
CUST2883,40.57,Medium
CUST1975,40.57,Medium
CUST1378,40.53,Medium
CUST2216,40.5,Medium
CUST2356,40.4,Medium
CUST2478,40.39,Medium
CUST1561,40.28,Medium
CUST1377,40.28,Medium
CUST2710,40.17,Medium
CUST1425,40.16,Medium
CUST1650,40.15,Medium
CUST2939,40.09,Medium
CUST1509,40.03,Medium
CUST1833,39.98,Low
CUST1102,39.92,Low
CUST1156,39.88,Low
CUST2526,39.86,Low
CUST1680,39.79,Low
CUST2910,39.77,Low
CUST2972,39.75,Low
CUST1683,39.73,Low
CUST1538,39.7,Low
CUST2025,39.68,Low
CUST2312,39.67,Low
CUST1911,39.47,Low
CUST1254,39.47,Low
CUST2075,39.45,Low
CUST1153,39.44,Low
CUST2149,39.43,Low
CUST1986,39.4,Low
CUST1188,39.2,Low
CUST1505,39.18,Low
CUST2699,39.18,Low
CUST2682,39.11,Low
CUST1861,39.04,Low
CUST1384,39.03,Low
CUST1084,38.92,Low
CUST2223,38.85,Low
CUST2991,38.84,Low
CUST2616,38.83,Low
CUST2242,38.83,Low
CUST2448,38.82,Low
CUST2306,38.73,Low
CUST1730,38.68,Low
CUST2988,38.66,Low
CUST2549,38.6,Low
CUST2076,38.52,Low
CUST2599,38.46,Low
CUST2413,38.42,Low
CUST1632,38.38,Low
CUST2400,38.35,Low
CUST1400,38.32,Low
CUST2656,38.32,Low
CUST2247,38.31,Low
CUST1414,38.28,Low
CUST2695,38.26,Low
CUST1693,38.19,Low
CUST2264,38.15,Low
CUST2152,38.08,Low
CUST2381,37.96,Low
CUST2388,37.92,Low
CUST1291,37.82,Low
CUST2514,37.81,Low
CUST2634,37.73,Low
CUST1553,37.72,Low
CUST1962,37.68,Low
CUST1250,37.54,Low
CUST2229,37.44,Low
CUST1489,37.41,Low
CUST2150,37.29,Low
CUST1593,37.22,Low
CUST2933,37.19,Low
CUST2956,37.14,Low
CUST1617,37.13,Low
CUST1880,37.03,Low
CUST2355,36.98,Low
CUST2220,36.92,Low
CUST1747,36.91,Low
CUST2757,36.89,Low
CUST2163,36.73,Low
CUST1224,36.54,Low
CUST2151,36.38,Low
CUST1418,36.12,Low
CUST2663,36.07,Low
CUST1182,36.07,Low
CUST2696,36.05,Low
CUST1478,35.98,Low
CUST2816,35.94,Low
CUST1823,35.84,Low
CUST2252,35.82,Low
CUST2128,35.76,Low
CUST2987,35.75,Low
CUST1326,35.74,Low
CUST2182,35.71,Low
CUST1195,35.71,Low
CUST1654,35.68,Low
CUST1006,35.68,Low
CUST2615,35.67,Low
CUST2352,35.57,Low
CUST2310,35.54,Low
CUST1775,35.36,Low
CUST2971,35.24,Low
CUST1533,35.17,Low
CUST1703,35.16,Low
CUST2779,35.14,Low
CUST1223,35.05,Low
CUST2556,35.02,Low
CUST2287,34.96,Low
CUST1376,34.95,Low
CUST1041,34.95,Low
CUST2992,34.93,Low
CUST2953,34.83,Low
CUST2915,34.82,Low
CUST2712,34.81,Low
CUST1185,34.72,Low
CUST1468,34.65,Low
CUST1005,34.63,Low
CUST1309,34.62,Low
CUST2471,34.53,Low
CUST1137,34.46,Low
CUST1964,34.45,Low
CUST2047,34.43,Low
CUST1705,34.4,Low
CUST1312,34.39,Low
CUST2136,34.38,Low
CUST1909,34.32,Low
CUST2819,34.32,Low
CUST2955,34.32,Low
CUST1753,34.29,Low
CUST1968,34.28,Low
CUST2878,34.23,Low
CUST1590,34.23,Low
CUST2135,34.22,Low
CUST1795,34.15,Low
CUST2843,34.12,Low
CUST2144,34.08,Low
CUST1886,34.07,Low
CUST1931,33.87,Low
CUST2375,33.85,Low
CUST1079,33.84,Low
CUST1822,33.8,Low
CUST2449,33.62,Low
CUST2343,33.6,Low
CUST2978,33.52,Low
CUST1360,33.5,Low
CUST2328,33.47,Low
CUST2248,33.39,Low
CUST2109,33.37,Low
CUST1105,33.15,Low
CUST2228,33.14,Low
CUST2798,33.11,Low
CUST1973,33.08,Low
CUST1748,33.07,Low
CUST1599,33.04,Low
CUST1052,32.97,Low
CUST2450,32.86,Low
CUST1674,32.82,Low
CUST1057,32.82,Low
CUST2689,32.75,Low
CUST1487,32.75,Low
CUST2026,32.7,Low
CUST1239,32.63,Low
CUST2159,32.59,Low
CUST2051,32.54,Low
CUST1014,32.5,Low
CUST1544,32.49,Low
CUST1442,32.44,Low
CUST2481,32.41,Low
CUST1227,32.37,Low
CUST1907,32.36,Low
CUST1574,32.35,Low
CUST2860,32.33,Low
CUST2768,32.25,Low
CUST1897,32.25,Low
CUST2886,32.17,Low
CUST1282,32.17,Low
CUST1858,32.16,Low
CUST1932,32.12,Low
CUST2212,32.11,Low
CUST1170,32.09,Low
CUST1004,32.03,Low
CUST1724,32.03,Low
CUST2533,31.99,Low
CUST2635,31.96,Low
CUST1950,31.94,Low
CUST1723,31.88,Low
CUST2104,31.87,Low
CUST2847,31.73,Low
CUST1417,31.59,Low
CUST1445,31.52,Low
CUST1296,31.49,Low
CUST1739,31.46,Low
CUST2982,31.44,Low
CUST2068,31.35,Low
CUST2372,31.34,Low
CUST2503,31.2,Low
CUST2940,31.12,Low
CUST1314,30.95,Low
CUST1854,30.94,Low
CUST1023,30.93,Low
CUST2444,30.86,Low
CUST2014,30.63,Low
CUST1620,30.59,Low
CUST1663,30.58,Low
CUST2119,30.56,Low
CUST1600,30.36,Low
CUST2943,30.36,Low
CUST1412,30.14,Low
CUST1444,30.08,Low
CUST1810,30.05,Low
CUST1422,30.05,Low
CUST1873,29.96,Low
CUST1734,29.95,Low
CUST1550,29.88,Low
CUST1416,29.8,Low
CUST1855,29.78,Low
CUST2685,29.77,Low
CUST1863,29.75,Low
CUST2284,29.58,Low
CUST1698,29.3,Low
CUST1906,29.23,Low
CUST2629,29.15,Low
CUST1901,29.04,Low
CUST1043,28.86,Low
CUST1451,28.77,Low
CUST1604,28.73,Low
CUST2977,28.55,Low
CUST2976,28.53,Low
CUST2586,28.49,Low
CUST2003,28.38,Low
CUST2418,28.36,Low
CUST1584,28.32,Low
CUST2334,28.29,Low
CUST1456,28.27,Low
CUST2506,28.26,Low
CUST1046,28.21,Low
CUST1371,28.15,Low
CUST2771,28.12,Low
CUST2926,28.08,Low
CUST1074,28.08,Low
CUST2275,28.04,Low
CUST2591,28.0,Low
CUST1652,27.95,Low
CUST2717,27.82,Low
CUST1147,27.78,Low
CUST2261,27.73,Low
CUST1323,27.68,Low
CUST1903,27.66,Low
CUST1458,27.66,Low
CUST2559,27.66,Low
CUST2658,27.57,Low
CUST2803,27.56,Low
CUST1406,27.55,Low
CUST1605,27.51,Low
CUST1728,27.49,Low
CUST1229,27.49,Low
CUST1754,27.49,Low
CUST2732,27.39,Low
CUST1702,27.3,Low
CUST2419,27.29,Low
CUST2167,27.19,Low
CUST2438,27.16,Low
CUST2766,27.11,Low
CUST1016,26.99,Low
CUST1242,26.96,Low
CUST1688,26.65,Low
CUST1333,26.62,Low
CUST2733,26.57,Low
CUST2952,26.55,Low
CUST2998,26.52,Low
CUST1129,26.41,Low
CUST1068,26.35,Low
CUST1256,26.06,Low
CUST1904,26.06,Low
CUST2924,25.85,Low
CUST2451,25.71,Low
CUST1070,25.71,Low
CUST2524,25.65,Low
CUST2909,25.53,Low
CUST2103,25.46,Low
CUST1221,25.38,Low
CUST2004,25.31,Low
CUST1996,25.3,Low
CUST1049,25.23,Low
CUST1849,25.2,Low
CUST1896,25.11,Low
CUST1094,25.11,Low
CUST1295,25.1,Low
CUST2060,24.72,Low
CUST2386,24.67,Low
CUST1287,24.6,Low
CUST1134,24.59,Low
CUST2285,24.5,Low
CUST1067,24.44,Low
CUST2742,24.37,Low
CUST1231,24.32,Low
CUST2827,24.27,Low
CUST1411,24.25,Low
CUST1340,24.18,Low
CUST1143,24.18,Low
CUST1874,24.16,Low
CUST1007,24.07,Low
CUST2297,24.0,Low
CUST1586,23.93,Low
CUST1126,23.87,Low
CUST1645,23.69,Low
CUST1575,23.37,Low
CUST1557,23.22,Low
CUST1572,23.18,Low
CUST1657,23.1,Low
CUST2792,22.95,Low
CUST1684,22.93,Low
CUST2226,22.91,Low
CUST1493,22.86,Low
CUST1539,22.77,Low
CUST1334,22.67,Low
CUST2057,22.62,Low
CUST1801,22.37,Low
CUST1186,22.36,Low
CUST1101,22.28,Low
CUST1715,22.09,Low
CUST1642,21.99,Low
CUST1971,21.95,Low
CUST1258,21.8,Low
CUST1882,21.79,Low
CUST2294,21.61,Low
CUST2833,21.58,Low
CUST1039,21.53,Low
CUST1934,21.51,Low
CUST1218,21.4,Low
CUST1786,21.3,Low
CUST1344,21.13,Low
CUST2415,21.12,Low
CUST1659,21.09,Low
CUST2765,21.06,Low
CUST2412,21.05,Low
CUST1757,21.0,Low
CUST1635,20.97,Low
CUST2158,20.94,Low
CUST1011,20.85,Low
CUST1767,20.81,Low
CUST1955,20.76,Low
CUST1547,20.75,Low
CUST1247,20.63,Low
CUST1933,20.5,Low
CUST1428,20.22,Low
CUST2021,20.16,Low
CUST1603,19.64,Low
CUST2139,19.24,Low
CUST1174,19.18,Low
CUST2713,19.06,Low
CUST1770,18.86,Low
CUST2194,18.73,Low
CUST1381,18.71,Low
CUST2907,18.7,Low
CUST2131,18.56,Low
CUST2339,18.15,Low
CUST2012,17.82,Low
CUST1843,17.75,Low
CUST2525,17.21,Low
CUST1069,16.99,Low
CUST2486,16.97,Low
CUST1184,16.69,Low
CUST2728,16.62,Low
CUST1103,16.48,Low
CUST1956,16.39,Low
CUST2603,16.3,Low
CUST1735,16.08,Low
CUST1356,15.65,Low
CUST2397,15.64,Low
CUST1953,15.64,Low
CUST1259,15.41,Low
CUST2683,15.27,Low
CUST2740,15.21,Low
CUST1711,15.01,Low
CUST2690,14.38,Low
CUST2657,14.2,Low
CUST2707,14.14,Low
CUST2320,14.04,Low
CUST2750,13.89,Low
CUST1028,13.56,Low
CUST1504,13.56,Low
CUST2866,13.11,Low
CUST1924,12.93,Low
CUST2020,12.91,Low
CUST2921,12.56,Low
CUST1440,11.62,Low
CUST1521,11.41,Low
CUST2646,11.39,Low
CUST2330,11.26,Low
CUST2517,11.08,Low
CUST1970,10.71,Low
CUST1802,9.95,Low
CUST2154,9.83,Low
CUST1637,9.38,Low
CUST1819,8.6,Low
CUST1040,8.08,Low
CUST2564,6.79,Low
CUST1853,4.34,Low
CUST1905,4.14,Low
CUST2973,2.93,Low
CUST2177,2.89,Low
